path,bytes,sha256
.gitignore,138,f2d4254446cb1d2185f095c4f68ff0c4b001c4ff35b07b4a71fa6213ff686784
CITATION.cff,1163,dbf80d755086d4051e5bc687b6f8b07e50477409b9b487eeb3e01b01da8e40a5
docs/DATA_DICTIONARY.md,8142,7667fdd6782dfa8084bee52ea77b49ef7728fb1d8e54ef979c9b26e81d9c0753
docs/INCLUSION_RULE.md,88713,54ce609f2fea381db147cafa09af8209cba58c71dc148a79d759e7d8321d3216
ea_summary_frozen.json,706,b847155118734e421c1e5f1caec2422a6e3df34b613f50af3861503a929f5c54
FREEZE_MANIFEST.md,12390,fbc491310e6835feeb42f8ef9fd1b7a432890770be2b2f49a0fabf6ae61c5a9d
inclusion_table_frozen.csv,303549,7b91d072cd5186e7dcd748036b1bbbf9f896d73717e28ee1a7c5be188ec57ca8
indicator_impact_v1.json,1822,e7a5b0fe9983ec6bd09e3e9180806e8e0bde44132ff5b6c44b59bf80b0dad74f
L2/Beijing-L.json,211995,4ee629c59b9ebd29ae9090523405e224e419dbcbb03b16dbeae826009c62f727
L2/Busan-L.json,55482,58ff9d3f33b2e5c434d4994ee566c1597c339ecc8073f442ef42026542662ea0
L2/Changchun-L.json,52321,f188932291bea642c7a3c3a3b5d04fbb2e7d1e68373e5888074b72c5b0218df2
L2/Changsha-L.json,67676,3ff8c3f00415852e1c2344bc58cd27d46adf0f832059a4c7e6df4445e10a06a2
L2/Changzhou-L.json,19228,c1dc8b4b25b3b0ac00edb01abd5c3a6383db45dcc3599da432df4158bd186d3f
L2/Chengdu-L.json,164254,7852daf2f853c3fc90009e81e38e9a08a3cd50dc6a4000097df609c5ab2bbe18
L2/Chongqing-L.json,134229,219fe1d81cc9e69afcb6f2b587263e0344551af193aea05a2d6f9eaa81a4cefb
L2/Daegu-L.json,37471,8ac838da8d79fc90d1d829d6003aed0a0a24286a506c0f1a6712b322aa790a65
L2/Dalian-L.json,46958,c15fbe1b3a4ab0691161794394482fb19cb8556c8240f4cbf5b01ac151eaaf4f
L2/Dongguan-L.json,6633,9a87392d753bb5941fe914577596d8d65f31b39e463835a7d7a25123495b6ea5
L2/Foshan-L.json,25754,724a54266b3365ba343cf2d1aaf0c4271663598b5eaf8f5b5fe764c83d08955e
L2/Fukuoka-L.json,15412,db6ef5d1302674f2adc54652fb964bb591b14293d76cafddb50ebb85e2efdda9
L2/Fuzhou-L.json,43442,11c01778db2578e7c763422ce0a87b1c718a824dc7f2fea803c8f80fa4c03f3e
L2/Guangzhou-L.json,152870,deeae9d8a7257f2dc9da1ae492ac58201cf83e6d703ea377f147e3bcd1472004
L2/Guiyang-L.json,42770,f15fd53d8e183b1ae9844dc4a13c9ce8afe34031575c94b901e14b516455437b
L2/Hangzhou-L.json,128826,584bf178451fd2b4170b2d5480b4b026f0424584aea78d48be059e6ec76d96c6
L2/Harbin-L.json,41478,0dd92beb7684b83caf0ffd0504b80bf26c31c5e494657f6b5e941795722c656d
L2/Hefei-L.json,79977,d02718d977af0244df7d9eea85ebed9f6cfcb358ae6308773caee0996d1879b9
L2/Hohhot-L.json,19597,190d1f1ff4ba03318b89e835f041ed5bb6fc7c2460577b4fc43d89beafeeeda6
L2/Hong Kong-L.json,46039,03daedac88f657fe86086bf6de42ce5e3208c7ebe993f20f69d467943e70c908
L2/Incheon-L.json,29138,256b95e6185852211d479e9c8cb7cc63c27992ba62dd620c7ab0bb3e851368b0
L2/Jinan-L.json,20528,8a37cda5401f02424075116d7831dcc549acfc1fe47f932c4762d11c29b83e4c
L2/Jinhua-L.json,13388,1c8e55ec5d7182d4430a66f54f8b347d388bd5f491d00a9a97a0a42f0cb1cdb4
L2/Kaohsiung-L.json,16389,cf74acc2c85fa5472006fe12ae6c438499dfc8f8123500bae3e3d011c3986f04
L2/Kobe-L.json,13047,22c0c65b3c8af9c52e5c909f71841e32b0d1d2fdef4ef64e6aaae4bb55537c57
L2/Kunming-L.json,48487,cc3a746064cc6b164c2ac860f7784b9d01cf6323d4340a7fcc701b37adc567a7
L2/Kyoto-L.json,13261,2c21baa358cc79e567c8fd6aead3ab0122a729c400ed1a0a0e4821402ec41d37
L2/Lanzhou-L.json,12411,38f93a4de4fa998615607f6fb4a264e381af4106662310d280bf305c873c2411
L2/Luoyang-L.json,14731,64152633ca63bbb36e4026b39518602b11704d65779b444327b656d6f4e61fec
L2/Macau-L.json,6563,28961762129994005b79f9e43c85e14ed5058c01960c2947397f87cfa01952fa
L2/Nanchang-L.json,54937,4a0f2a895b9c0f24af4337518aaf086535a84aa1992f6bb835c9bb8448e3d151
L2/Nanjing-L.json,107880,22c439142cba843c298072c941fa0dea7ca171e496ff10b467c793b8e9029ad7
L2/Nanning-L.json,44141,f8ac5fb133244c495ecacbb23881550ee7bee7cf62d5dc2d9353abebfde4bd5e
L2/Nantong-L.json,19479,9747b10d6f1c958da951a580a5d5661b2dfa35e06c2e8921a812af26fa48d943
L2/Ningbo-L.json,65330,db0e4c4ec8472460d53c0d7275355614d37fffe9aa7550b33be0f8779b454440
L2/Qingdao-L.json,84137,64259cc1ff15ca3f57a300a24495982403f5462e7d0a93250c802da427c6d32a
L2/Sapporo-L.json,19816,44f75902c0db80583e245a6276736aca2e1d3aee7646c576be79145e35842206
L2/Sendai-L.json,12755,9b8d93a95608f4055337d1f07b4fd50883d6a3be85b0d295aa66e45c0427476d
L2/Seoul-L.json,135887,28170a78421a138f5cca259f7505ec0ed30eb0dd42066a121952e8d681faad78
L2/Shanghai-L.json,216532,35a12e605293fcdb4f52512f7df374556df24cec8e99a243afda95407810d0c2
L2/Shaoxing-L.json,18157,61e7e07f34a10b33e6b30caf8c6a4aa3cf02f1e8b9c20bf77be34111921dc123
L2/Shenyang-L.json,62713,3dc888223c3f26387800fee97ced3430fc14da86dd12a4998abf4ac5d95456ed
L2/Shenzhen-L.json,169805,4984db2a2442822ed1c7a6087946d8f957637be8c92476d753dee05a7adf6e34
L2/Shijiazhuang-L.json,26845,90294ae6af8565a32c4527cadd8d9820f9f4854153a9f2d17fc6c21e65a5a0d2
L2/Suzhou-L.json,117386,d3c01a2a9151a75d947a18cef62acab59c71721d296ab7274771aa07e7578627
L2/Taichung-L.json,7720,d14bf6c41cca2809d5ada286b0f8ca96b5fd5aeac71030b06c62a8d146001132
L2/Taipei-L.json,54501,e0b48f841b665f1d5ddf7dde910fc720532860dea9a5620d6a812a436bcd2cd4
L2/Taiyuan-L.json,20595,bfbff3939004bac88a873cd0c996df77a8aa8941e2e2e2ef9958682d39564edd
L2/Taizhou-L.json,6669,5236a4c0becf9a0c7a777da7e767ae2cca427eb29bcd0fcad6cf9405dd37bcf3
L2/Taoyuan-L.json,9538,88fa625152dba5d4df65a06393c6bec622d70db19100ff43cb09fc2dde7c9733
L2/Tianjin-L.json,106623,2aa4fed04361531c33569ebe8b4182f6528cdefe66badf6bb73ae5e7bc8a5a96
L2/Tokyo-L.json,125211,6e253360a417c635d41c89adbebf55bf25655693325671a3663fbdd6ea08bd73
L2/Wenzhou-L.json,16020,1f5019651c99159fe6f38628ef6542f522ea578e2b907f6aecb9218909e8c978
L2/Wuhan-L.json,132781,02ddf6a6eaae1854c5ee5a03031ce2e834b4f3392a2b66d12bc8c17a8ed77cdd
L2/Wuhu-L.json,15653,2c2e3573fdd2af0eec262669a7654e96cb1101592d286cee5b754fe9a11cdfbc
L2/Wuxi-L.json,41965,2fbf5cb06d89dbc0ec1b5eeb58e5fb6a7cf496f40f2275554340fc2d8666617e
L2/Xiamen-L.json,33573,00403567f72265e391666c26a532a3ed5ef4e1b50a26e10fcedcb77c5a831a19
L2/Xian-L.json,118104,8e93831dd066c9dd26d1c025e809f591e5adad20e46825915e03cc18c063e141
L2/Xuzhou-L.json,25881,b5fc5d08d8cc7cb7779fff50c74e7e89f72462fc526367f240a17d16f3c3828c
L2/Yokohama-L.json,17027,a63311091ab873f6b915fb9bed8c554199a2dde1c65e6ae9d17f09f2dcb800e2
L2/Zhengzhou-L.json,121157,d568eb266b33a528009dab4388303cfaaa54cea82b6872851dd4561365d64dfa
L2/Ürümqi-L.json,9882,55e6d76ec1ed09d082b3ecc895a6cc70d7177fc6fe6e23297107bde325c47ade
L2_v2/Beijing-L.json,217726,f16c8ef542301be02aa1665ced04c2e1eef1672d6b883950a2ab2cc04f197b02
L2_v2/Busan-L.json,117590,86fbe299bbe8cc34f3573d1b72ef71920b623e1596f45a98a222e9bb0ef76ad1
L2_v2/Changchun-L.json,52804,892a6f27cf752159b93ce10f86faf9368e115d8f3da3aca36ee10296b5d50087
L2_v2/Changsha-L.json,69171,8adf18a73326a8f57a03e0012f9abe9bddbcdfbd433c316e78a225ee9ff5429e
L2_v2/Changzhou-L.json,19429,222c75c5c4b0d076b1e00c2d65d4763b5a0fd3a8d0b9b9e01037f1357391915d
L2_v2/Chengdu-L.json,165150,4595fe374c64f4b41d5be0492787692e501f1f73d0480e82b9036a995a6251ad
L2_v2/Chongqing-L.json,134878,930205f9e4fdad6060708056b53e53ceb0f40c91e104d481a1ab0bce75270346
L2_v2/Daegu-L.json,79999,b8179872b5201895f8cd2ea259cd007947424e1779171a5da26dcf2e75bc327f
L2_v2/Dalian-L.json,46682,3a97694c684625951202b5182bdefbf914ef516e077be20561f59642356e8853
L2_v2/Dongguan-L.json,6832,eb5682dc05b890bc70a8f0d99ca3ed827c2fefca0149c12516663476b4401fe9
L2_v2/Foshan-L.json,33634,caef2e80f130f26fa505f401318dc905ab64ebee4159f758e805ebbd946ac06e
L2_v2/Fukuoka-L.json,29761,dd5d72dcd2ead2f5a9f845096b8ea9ace5484b0be320cd4907d93194ac993350
L2_v2/Fuzhou-L.json,44249,4edb10fba890540218b9e133d3c061757a5af480c9d46b6f294b07ae40285ce3
L2_v2/Guangzhou-L.json,154469,c7051e8fbdc626d08155c8e4014c6cee3ad4c5bcdd264eeb256dc7eaec4efcb7
L2_v2/Guiyang-L.json,42973,971a94a72656be169ea8da2d1b6dbad9fe7df57392cbacbb8449d504cb642fe2
L2_v2/Hangzhou-L.json,129463,5858d4ef2ce0c9763b56637b4ced8fc16ea09e13cf179d0b9eac3d5939ba40c7
L2_v2/Harbin-L.json,35337,bb110b4934c4b46fea5ac25148245cf1c95cac4a59adac3fbf40f52aaac26c7b
L2_v2/Hefei-L.json,80773,00fdcb2b07a545c109b504fdffa12fdc78b267cf2b36769de3e2b2bf65c1f2f1
L2_v2/Hohhot-L.json,19796,1bb95daf9a1b0a84519bd0d8796b37099e556be3781b9acfe823e6b7d352bf69
L2_v2/Hong Kong-L.json,46242,16efa6a29fb63be8610e9840a98a759a8a7ca2af9bd7ae44d8dbda9bc7e99536
L2_v2/Incheon-L.json,61274,630da11b934dcacec929a1007e633253ff48b7b30214e7879789b7183b6d98b1
L2_v2/Jinan-L.json,20727,026b10c8d1e1a83a2dc9f2c3e54ec43c755f9ddf8959129555bbb92d0013c6c3
L2_v2/Jinhua-L.json,13587,6b9f1a37f89341f0cccacbee8231e04232d865aeb9ed4d07dc560fd16ff5576e
L2_v2/Kaohsiung-L.json,34781,9ed2bf9b8c9b7aa27e9bcd9f3192ab0ea8037ae3ed1a7aeb33f03091a2072c48
L2_v2/Kobe-L.json,21367,10fb4323e1703f9e40dc69b640f73cc7925516bd8eb4778fca8ba702fe8fa66b
L2_v2/Kunming-L.json,48692,b3b1fa45188f7dd7b50d272b97cacbdea9dfb3b9e86c0eebc2986b5ad72312bd
L2_v2/Kyoto-L.json,25542,10222fe691c32a9b7e14cafd08464bd6544d9b496e2604e695607841fdbdd573
L2_v2/Lanzhou-L.json,12610,9d86a918b222f83b3428c6e912e0bc0f349119874a02a9859b57adfef8680ad6
L2_v2/Luoyang-L.json,14930,4fd04c50213c29a45cc81ecb86258990cd2e109241e3314cec8ff3d7e4e81a68
L2_v2/Macau-L.json,6762,77d2235acf99b05a9d303482f6f3c96259b373b8c0aa811d266a4df42ff7e6d6
L2_v2/Nanchang-L.json,53405,5f9cabe072f0f7e38b266ae755f1d1469ab04e3786055560f2746b038000d5fa
L2_v2/Nanjing-L.json,108322,8a5bc5a1056087faba91f02f622f4c6e5bcbb87eab7f83d84be700b173d48499
L2_v2/Nanning-L.json,44344,4ccaa5596047d29d65e16c238a3d704f101fe9962c702cc665a8560cbb44f171
L2_v2/Nantong-L.json,17706,33d9bda8633e137d23630485d4eebf74ce94a2c99fc1290e5524431fd967c5fa
L2_v2/Ningbo-L.json,83902,4f5d7888eb7376f2a79f8438ef106e1477ed5e4dd767d86ef489ba6906f9f0aa
L2_v2/Qingdao-L.json,84342,8f119e68a02d0c62f6541dad6f5e6e874da3dce1e5e937905a5697024228b197
L2_v2/Sapporo-L.json,38013,efa7a1f65012293957d89c9854688aa5897e47c39069eae42a8971c2420a399b
L2_v2/Sendai-L.json,24304,dce36af3e5517a706aa13bb5527dad259dc6d50f8ead4671e61ad930f87b16e2
L2_v2/Seoul-L.json,289086,fdb4b61fc8420dc9815aaf2172628118033c3fdb229660070d438d4b21ff6768
L2_v2/Shanghai-L.json,222055,8b2d6cb7f36073ea2ee29ed24d5f51ec9a3822f614074caaec923d846a84091c
L2_v2/Shaoxing-L.json,18358,6d9b066ea9e5259e8c4b772ebbbb6c14d70449cdcffa4d21dc4b875bc070cfcf
L2_v2/Shenyang-L.json,63156,21c818867a74219674ef6242da3787b9de79911e4a647c6ea8f2e2c25c7559b6
L2_v2/Shenzhen-L.json,168406,c0ed32f8f8976160b3291f1e3885df0bca576aa56d80e28da5f4685975f83680
L2_v2/Shijiazhuang-L.json,27371,71c58da542dc091b86ede3ac1ee3f1134ba0e8b331b9f3ff7ea92c621ad517f4
L2_v2/Suzhou-L.json,118448,969a7f0255273fdcc72e680baea76c36d10ee794d578bd4ce41006bf53281e6c
L2_v2/Taichung-L.json,15095,5fb3d0de192a9de6b17609d528fc8c11c0cb0c895ff24212543b4bd01b9b24b3
L2_v2/Taipei-L.json,108972,e68c4d51faaca5bb09733c24a6b2e89da0191cd4bf8ff4df3a8a02ab8ea88a22
L2_v2/Taiyuan-L.json,20796,d795203c30afc4caf76fb8858b60af33e2c8d3f3882b6729b9a1a26cc5558ac1
L2_v2/Taizhou-L.json,6868,7733498355175dff1c4f02156886aaf276dcd2511d1238bb12edf4f24a3daabd
L2_v2/Taoyuan-L.json,20296,c820b65262954968d6c90500d00ec068c4a6d02f5671d8d51108715ecf31806d
L2_v2/Tianjin-L.json,107365,57dd2c7f05ec66b6910c1f2864f28a300a5785a94dc8d71c2e81b5024014e92f
L2_v2/Tokyo-L.json,244065,fe7b52c506ba15f9516dae7c60d3399b8cb527b6e763f6010025ba3e2fae0e27
L2_v2/Wenzhou-L.json,16219,305bcaa4455c57846a59e0aef58a66af4047c589ce5fad3a73e8b297ae2686a7
L2_v2/Wuhan-L.json,134378,e8a0e48d128f76c109378548f9d9bd5d4a0cfbff455f7f3a32642849f3705769
L2_v2/Wuhu-L.json,15852,810bdf5ce9989caec68b70ee19a75f1e50345ec956905bdd2547da7fe1efd201
L2_v2/Wuxi-L.json,42266,185877776ae1b0e55f9aee9c24d1927a7ab94a0397141cfea0908b68840027cb
L2_v2/Xiamen-L.json,33776,9165e0e929f2c2b2bf7cbd9c037a006512a0bc8996600971c93b3359eb79c5a4
L2_v2/Xian-L.json,118568,6516ddf2d1f0c4abbc83aba7c46d10541c43f72c4e5f21cae7a5a65205f39b10
L2_v2/Xuzhou-L.json,26084,223906d82b78f66db0b371424498602d70f73a9d8144db8cf66e1a90e54283d8
L2_v2/Yokohama-L.json,32896,e8f83c730ef87a3b073df3bb03d89d41ff7cbf84f9c167b5ffa7c4299f73ed09
L2_v2/Zhengzhou-L.json,121774,350606c8ed1b5570648708b81bf6eaf85504653bf3b7545ffaab2773b4829dd7
L2_v2/Ürümqi-L.json,10081,0eff858a11dc7b1ee39e908dc47c093dffdeaad4975bc87d62f7d69533a1b576
LICENSE,1032,168c0ead5a4954bd122458b1c2ccaad4648a0a5d454b100e370add7da96cc31f
OPEN_DECISIONS.md,9837,d2d6e506d8db37f44d16a42034161abe91def310efd2b9f858dcc15693e8b2ae
P2/Beijing-P.json,1583457,9eed2186f17428b595e65e860baec707840d42ab40bf76de32fb800ce48583e3
P2/Busan-P.json,490651,5724555d80ebfade52d10413ef9506d05d44630c911449bbe4bda17db482c293
P2/Changchun-P.json,325888,f781bcafcf163b5d0c3cdd12384964402735340413385501421744e30dea90c4
P2/Changsha-P.json,485543,7e01e6fc78235ea8c7ea1e1b9c08cef5a1192fccf267b82b7638a414c1f918f4
P2/Changzhou-P.json,121112,8871ce7ba73f244bf6ea181db9b8dd8caa9a8077493c022c42d933429019438f
P2/Chengdu-P.json,1397492,12330aed7ce48f73d4343f52878eac359653a8b074b640549256fbcad47f871b
P2/Chongqing-P.json,1119938,3c74a0a85b2caf4edc47ce8b6b484e575cb67d430cfc0a7fd9ec1a82f03a4e53
P2/Daegu-P.json,309897,0667fcd95b97f4e5b26656e16c5ee4f86ec94b517d6ec343fe366132ad62fd91
P2/Dalian-P.json,232885,a0065ac368b4bf31d0a33e580026c46202c20c2ade7755e2e2c18f1191a5689b
P2/Dongguan-P.json,22268,b6ae1ee72795ae510ba30948d64b1589bb9af5512e1445c4aaad131fa3a10db4
P2/Foshan-P.json,140527,ca86b9785b10f90767b4f9d372b556b31dde5d71bc671a95a75620374d7f763e
P2/Fukuoka-P.json,60961,a0d2699804e4864427484d05a7501dbd9f815e28e9ca6ce9efa0125e001cc686
P2/Fuzhou-P.json,228333,fa2f353e39d3e22f8fe8079bc7b05df8751bfddf787acb8ac7b25fa384cf8a11
P2/Guangzhou-P.json,1023189,8a33edaf326eca3f3f2f6682b2f66606c14875ff1bbaf911fd640b7b5e44caf5
P2/Guiyang-P.json,299635,b0b3552b2e1f22e198a02f8701ff9d91671294f3e1e560353c5fc8f9307fee33
P2/Hangzhou-P.json,1036711,3648c0108f56787127b2db002ff7d9886516e449ae73b1de4c3ee45402494d41
P2/Harbin-P.json,396003,031f425bb07375a9884d3f06161aeb4ff4a3dd25d4db55dad62208665ca27885
P2/Hefei-P.json,661712,47736e96dc896a28a4d2ffca90767463e5d84f6aaf6eec9478cbc66f7596f113
P2/Hohhot-P.json,110434,095223dbbd81a2a872652bf4dffd56edd1ef2fa2c6ee60b4ae22dfe5366f8f71
P2/Hong Kong-P.json,212830,e40c8e4cc706c48be03ee52c605dbad722b2488eb522f84e960cd69ba609c7ae
P2/Incheon-P.json,201025,a335edfe0e521269d0f088cf1b6d55a12c8b89960c5561e43a7ca7a7c171c3fc
P2/Jinan-P.json,91217,f49c66babf7cbd6834f79d01fa1559756fa89e0d6783105466583ca0a6b62c16
P2/Jinhua-P.json,55573,0aee087ada3fe8d0940f8d45dd1c7a05de4b13293dda7bbfb9369da9ca0325cb
P2/Kaohsiung-P.json,94002,c823645b27f42b3cebd93faa8989065f566f867b6d6dbabdf5113ef43786338b
P2/Kobe-P.json,47885,1bb7f374467d09d16affbefcd2414c9a585b5d9cde0a35db31833baca021f2d6
P2/Kunming-P.json,260250,b023ff64633d37056220d2108cd80864eb4ed223710ebc78f2677b36f8d67539
P2/Kyoto-P.json,57332,97f22277dd38193745cc5072915536a87142eada51b66681653937f7f3f8a9cf
P2/Lanzhou-P.json,54504,125f12cded718ddda12404ece287bda580bfd8accf4a9974de867d9bb439278e
P2/Luoyang-P.json,65466,424bf95aa72b594c746b69eb5aacc672822b49be8bb998f2db7ee129e35b98df
P2/Macau-P.json,19698,5e72945519e178b1ecb83725b484061162e130106186b51e16ba0a6b945cd267
P2/Nanchang-P.json,285686,fdb677ff01941b86f549790a66eb17d6b955a9b90f45880bfce46a26d443f67f
P2/Nanjing-P.json,680071,50500077004e1aeafb8a19b7bf768d3fa8552e9459bae37da3171423c602ec00
P2/Nanning-P.json,244278,a8bfbc5d6a88bac46efbf20c3b19b19eae7744fde93c48493c8215e65b4f2822
P2/Nantong-P.json,181231,34e314305204ecb26e31ee7d619faee57fa15a6b3e9ad21725feb522a4587e4a
P2/Ningbo-P.json,454389,2a10aa3cfa4d8f0880a4b181cf2497aa7add73d9dcd00217e7017b4e192decd5
P2/Qingdao-P.json,572210,df250c7f002300d6d71a52eb6d70aff220c65e71da6c42fbcc3d52245ab1395e
P2/Sapporo-P.json,87389,d52939b627f5ba0c07503066885ba212b1bad391074b93918b4cfce3be938aaf
P2/Sendai-P.json,51182,03b8b17363ca536994a45ef56012ea0bc4d808233903e1568861381c7549580f
P2/Seoul-P.json,1224446,fd30ac0be262195bedd629a5f100edbd89b407d182351fe42c819319e2066f42
P2/Shanghai-P.json,1769222,59488df04832dc0e655e1d2ca192dda395d27977ecd7dca7840a02683101db8e
P2/Shaoxing-P.json,114661,d3c159f2bdf06e55eafc6c2eb2722d52ab415ecb596f03a9f0b68ebfcb6928ed
P2/Shenyang-P.json,433282,1b486d6548fc6adfafa80fa12c6694d13e338c47e47ad3c848f2680c47b88286
P2/Shenzhen-P.json,1313273,686cdc90daa68296d3d83cefe6ea0e9c3757b72bcb64167cd9d1f018d2b38d98
P2/Shijiazhuang-P.json,140018,6bb5e5f246ef1ec75326ef1288cb6ee04e6f76280089526d9d17fbdf84605697
P2/Suzhou-P.json,982523,3fcc3be3aa09b40352060680ea8d4ee117a8f1f0597377c0b334b89f820de74b
P2/Taichung-P.json,36905,304833f312971b18344f45f149e37099aa13663fbb54d8a8b707bd8724fc21a6
P2/Taipei-P.json,322730,4ca34e9be5bd54d0487df065e90810475c18ee5fb61402683079e97a6f4a89c5
P2/Taiyuan-P.json,124589,f67b8d3238b01db8d0ee6ee0a4df76b2969fd36e611d1f91e7cd641ba26b45b5
P2/Taizhou-P.json,25454,4b10bbeb1febb9269969430b40eca92f03928d14943093c832f2c375efe17166
P2/Taoyuan-P.json,47381,89dd15fa50e12661b91d787e996337d2597f908e08eec345a465f752266e3ce8
P2/Tianjin-P.json,698108,0736cc6c166b2d651042fb8f9961bae0c6d3c4bf0bb8da7d945f9f30186860d4
P2/Tokyo-P.json,723626,689f9addc678f16fc7e2afcd0036877838cb08f22b985dcea7d75f750cd2257a
P2/Wenzhou-P.json,71097,5fbeb9cb922eac8ce41e3c007e1d68efeae5a66b765cd3718211940bc407844e
P2/Wuhan-P.json,1058828,7d9f5b8ae04a0168950cf3b3efd455322b32e602b185373922cf66ce814b5e6b
P2/Wuhu-P.json,73392,f8372bef96ca68536d1e467beb95b4dcf7ea54463b3924d23218067edfe03964
P2/Wuxi-P.json,281056,d1c149af50608f107bd4a2e0fee7bdc2aaa921e29be5805820607c757fcd1898
P2/Xiamen-P.json,202318,114a78d16cde2ffe032ea9c7ecb972769b6513388a3c9b25f27a3f2f88fdf2f7
P2/Xian-P.json,980813,740dc167abe6608914680c9e7a9330732dde9b12ee86c08dff307bcd5cd83717
P2/Xuzhou-P.json,136080,178f673f6826cdb582445173a60ef3d038fc004fcc3e28cd856284eb7640e1d4
P2/Yokohama-P.json,126713,3ad334a85b5c7454801545ea3fb6e02276addd24e3a6ae0603f405df86324e1b
P2/Zhengzhou-P.json,886426,547bb348633ee49f1784c22c633ae81fecc0197cd0085e1ea4bd736ec42b4537
P2/Ürümqi-P.json,43821,bc09632893fda9342f0223e5e9024c5644d6f5df0d8bae5584f9264d373f3e11
P2_v2/Beijing-P.json,9610925,8cfb12ed2d2cd89356e646e943081963bcc1cd0641d9d72a92bd12e39153e2de
P2_v2/Busan-P.json,918904,e342c7d2f41b9a37b77350c5f0d629ff72f57fd1502e4dbd144ea6c4c06480a0
P2_v2/Changchun-P.json,962719,99c0a2f11e7cfba27134c0f3cfdaff9cde3d60a861bc4f56f5befd5a11dd84a1
P2_v2/Changsha-P.json,1468567,b8e087df07e2b361df69d134b2578d349627b22332f3ab8a72c9bda011961aa7
P2_v2/Changzhou-P.json,351252,1dfd637576b948f4d6f13e2230eb68679676d63ec3bc9c064fb8f68b4cb7c457
P2_v2/Chengdu-P.json,2369505,1b79831d8edc97c0a75b9b9b3826a6d7f5774acebd4e1efd675fa51e35aff275
P2_v2/Chongqing-P.json,3479240,ba39d30b1ebd7474f595587c4859244a6c4a1a85a8edc9868cf9e5f2b6d09787
P2_v2/Daegu-P.json,582243,70b26c448a5b353572b3007b21ddd99b0e93c74df800ec9dcd3e9d37d6cec6b9
P2_v2/Dalian-P.json,674954,90d3a33099bb96b4a4c9dc646ac3b7a2789cb2a796fbc763d49961d41e64a3a2
P2_v2/Dongguan-P.json,75387,9b539e4105a9e8801af3a8fc8cbf3596e1494b4f39e8b9e714be23a6b841d3f2
P2_v2/Foshan-P.json,489153,24e054b520a2b6f0ac2d41774937d6095b06e5e41d53d1f1fa0499ee35cb6d57
P2_v2/Fukuoka-P.json,103125,35aa037e6ca0e5e07ef6b851c8ec4288fafcfc1756420424506c09255845061e
P2_v2/Fuzhou-P.json,783623,343065acaaa735266c59f4efb2d2f4c0ccd4e038bca874814de6373a1bad9eb6
P2_v2/Guangzhou-P.json,2939876,91b83b022932e4772bb422a15641979f872c8e4b610dd34186574b07159b23c3
P2_v2/Guiyang-P.json,970666,120c3ab72f4ea136a1f429b7c318d4011d2a964c2b4e48cd1909a2d62ea5a1f9
P2_v2/Hangzhou-P.json,3315128,66048a6411f98f8f0709325ff78df3ac773d3dc35a1c7d0049c294cb98bb028f
P2_v2/Harbin-P.json,1174020,caa7ff8f7fa9beb13cddb08135af70d5fe913d32942fdde51dfd22d9bcf539bb
P2_v2/Hefei-P.json,2237144,43e41f9e32d3d01c40c569334af642815aef05d8184bd2883ef4d121cd6ad9f1
P2_v2/Hohhot-P.json,344655,8740d7373cd18ca7f3c3a914c1e3099054894ce6bd818a7acb521d2031e0fc91
P2_v2/Hong Kong-P.json,872482,5b011ad05afd479bb98d20d2045839f5e7e632ad5601c1a65c6cc791a249210d
P2_v2/Incheon-P.json,408591,050c078709fb051ad5eaaec3f1d795f618c80d5ee5aa3cdee4829bd908c8e42b
P2_v2/Jinan-P.json,285320,8fc551d7b693f59e8dbb81ae4076527bff832b9c26e33558026d5b6a711fbedf
P2_v2/Jinhua-P.json,171117,56f8c5f4ac1e1e40379fb06623722760b46747f1160cd656e913c8b06c52dd4c
P2_v2/Kaohsiung-P.json,219834,18601f153deee785faa78093a4f82bfdb1b44f38d37614c804c1d3d2394cd1a6
P2_v2/Kobe-P.json,73827,5dbafe81c181a8725b72d86688dfdc15b9e8d35e0deef8b35f38518362630702
P2_v2/Kunming-P.json,841503,2c0998e57c0cd7f1be21d01c3c744392558e5cdb4410bb5a4076057a03f361da
P2_v2/Kyoto-P.json,98118,e9ebb64ff3b956b3fa2daa71a9d0872b7a2a20b403dda49057b3c87ec2e9253f
P2_v2/Lanzhou-P.json,162065,63761cc217cdb06058937e812312d17fb5ed0c379ceb2521c7d66a8a6e6aa37b
P2_v2/Luoyang-P.json,198868,40ea4082581e30b6d5d402f38b7eb70edbf6211d532e5d74a52ed0d37622c3bb
P2_v2/Macau-P.json,61661,4d2c8ac7ba6c0276f4bc88580d14df78b4a38a84a00383267226691f6556d507
P2_v2/Nanchang-P.json,947777,ac6e81e1c55f3dce4b96123032b68beca6d5d7cbcdb91e1211acf3a49d475a74
P2_v2/Nanjing-P.json,1718579,ff8f3b8e78037c4ff4bd7f7969466ea8f7a1546cf7f65b15a26d38cee2ee8d75
P2_v2/Nanning-P.json,713371,67149b85199cbd0335d13243604061949d26400532f2fbd36c3314d92cbb90b1
P2_v2/Nantong-P.json,396593,acd41481c90ce6b420163a6acecd67f38ae4c0cfa56ede198a1fc8aed6794629
P2_v2/Ningbo-P.json,1455078,ce55b2e4714d37232d71b29f195b71a598caca99c59fd37c5815d79abc20898f
P2_v2/Qingdao-P.json,1813006,d20d97adb34757cb4ef0595656c7b77da6310c6a640e6f532e51ccc9d3955f3c
P2_v2/Sapporo-P.json,154787,fa54c3553493f4c081802eff35de2c75b374ba3dbaf420abdb2dbc577bb314a7
P2_v2/Sendai-P.json,87738,c2780f6b9488c1ff08c6e7573f105cbf442ca0f5eea0ca7f9a97f5efaed1aa80
P2_v2/Seoul-P.json,2330602,46d39e7d3848a253bf096fea99d175f3897a4205e348b114a3950260761781bb
P2_v2/Shanghai-P.json,5226399,128873adbb8d85a8e2f60de64cf463b874f1585084acd67bbb639cf61b3b427a
P2_v2/Shaoxing-P.json,466043,f7c6ba8b4f1f39a0e8f40df9e5b9f0a545c7f654a6c361e3f5e203a7d952c008
P2_v2/Shenyang-P.json,1299373,804a0b162a56a56913eee9b55b6fc11a0dc2df8d5ccb79a26413caae3e4e5303
P2_v2/Shenzhen-P.json,4357575,0abb4e44e4d6c5f70180aa92434a9a1a98f12dd2cb1534487571460127456fce
P2_v2/Shijiazhuang-P.json,514375,5fd9b1f86810af5a25a92cbdcbab1339ef98d6f22985ddca77f486cda94a21b6
P2_v2/Suzhou-P.json,3182358,173cdc4b1d07ed3b6eb3e60cb7bbead1020327bca05c8d5f18de5c14de7a3d56
P2_v2/Taichung-P.json,86678,c136503eaeb7ee7a6c4e6c2be32c34ae7c04bbbded66c0abca67380fe2ec98c9
P2_v2/Taipei-P.json,800693,4a33d77d2e88a18e10936f4e4ff5bb84dbd8bac42fc31c2f618995e0d0f1dc5e
P2_v2/Taiyuan-P.json,383908,adb06324abc01206df735301ec5249aa2cd9e2a673049bae0af0f327eb3cafc6
P2_v2/Taizhou-P.json,76683,d11fe64119e00e4afe369593efce4959b5dc40abdc42166edb90f787894dbe47
P2_v2/Taoyuan-P.json,130081,ebd605da63ce04516a1491ca5501e0f5423b12d3f01108ab9c8eaa8553140078
P2_v2/Tianjin-P.json,2295117,d928e2b1eaa57e5f9a7cfa475cc7c90788ff790cc32a129ed6ccbabdbc651dfe
P2_v2/Tokyo-P.json,1409263,c5e2c483e3332cee58ebe14a596ab178ec0038b3de53a423d4e8c2a9aa1289f4
P2_v2/Wenzhou-P.json,240225,2457e2f75895eff42ec427c9a5bab5da3f5d182af0010949164e73842af668f6
P2_v2/Wuhan-P.json,3169490,60b6cd1d655bbe1fcc44000bad6d0624870f62cfaae7b4cb083306579fe08752
P2_v2/Wuhu-P.json,227940,46266d755cbb52b3e5bd6d5ad061c6555938df403bb82f60279474fc37c7656e
P2_v2/Wuxi-P.json,703919,8f503e1015b5a9695405c558d084c284b7e812a77b236a024e9ad5ed1d45d87f
P2_v2/Xiamen-P.json,757560,fcd2edfa5671535b502ce7bd962d4f7a8d90ac9d2ceeab7ced25206f2b60dc2c
P2_v2/Xian-P.json,3344633,e69504ebf49e610a78c0d04e8ef63ca5dea26556639e5fe3d98e6170b25395d8
P2_v2/Xuzhou-P.json,447703,ed8c2f0a7fbb12576cc6ef039c8709ae864b185811eed887f7543eed5811e6ff
P2_v2/Yokohama-P.json,215644,4170510cf4c7d74117c00c6788e7399592a0553dc749d792528c1fbc9016503b
P2_v2/Zhengzhou-P.json,3105267,3907850eac2d996bad4c30a599459df230f0f233d1c90aa0915099b623d9795d
P2_v2/Ürümqi-P.json,140710,498c20207236da95436c9101b410b82578ec64685b6f4964d6fea0a4f64bd79c
README.md,7499,1834021849ec4e13dc129a1b18837655c9709d28d89e3e960bc9b3809ea06978
recompute_all.py,2690,a8b321d8729bfe4894242bf8f321fb4b9ba92c3bc2e800187f111dd49b2fbf84
recompute_log.txt,4515,5035f17eb6636c2da85e2d89a467e6ce18befdb2bae06b3c7810b8121a091a15
reference_network_audit.csv,13683,859ad08fc4de9c81d7436dbfad62da4e9094f297dcfa26284e2f3462475865cd
SOURCES.md,3151,cb92c31bc7e7878d7155ede49f4a66feaa5b825d0219a38782199901a121db26
table1_frozen.csv,6587,b2c9f23dd9b1b6efa02bd1dfdbab90efe1377958ec3ae9543503ecf3a005260b
validate_frozen_dataset.ipynb,22005,b254faaf77b4c0524c2ea3570beaa3f019d6f1a6fc7ea129de601371dc14b6f2
