network,file,in_44_comparison,stations,routes,max_reach_km,extreme_a,extreme_b,feed_date,deposited_note,disclosure
San Francisco,sanfrancisco,yes,50,12,76.0,Richmond,Berryessa / North San Jose,2022-02-14,"Has notably high waiting times, when compared to actual schedule, seems a bit on the high side. While Millbrae station is part of the red line during regular service, it becomes the terminus of the yellow line after 9PM. This messes slightly with the shortest path calculations, meaning some shortest paths are much longer than necessary.","fails paper criteria: Antioch and Pittsburg Center are eBART diesel on separate gauge, coded in file as Yellow Line route 1/2"
London,london,yes,261,11,61.8,Upminster Underground Station,Chesham Underground Station,2017-01-02,"Added shape_id as a possible direction indicator, correctness not guaranteed. There seem to be some express trains on the Metropolitan line, these were deleted.The 10min walk transfers are merged. Battersea branch of Northern line is missing. The right part of the northern circle of the central (red) line seems to be one-directional, this might be a temporary thing. Kensington station is inaccessible and Gmaps also does not record it, so it's deleted.","undetermined: Metropolitan line beyond Harrow shares corridor with Chiltern, infrastructure ownership not established"
Valencia,valencia,yes,95,79,60.3,Villanueva de Castellón,Llíria,2022-04-19,"On line 3, between Rafelbunyol and Albalat there are multiple edges between nodes with an unclear pattern, for unknown reason. Balien and Xativa are left unmerged as their merged status on the map is because of the tram. The data is programmed with a huge amount of lines even though there are 5 in actuality. This is likely related to trains stopping at earlier stations and express trains etc. Shortest path calculations seem to be able to accomodate for this.","absorbed conversion: lines 1 and 2 ex-FEVE narrow-gauge suburban under FGV, trams absent"
Dubai,dubai,no,53,3,44.0,Etisalat Metro Station 1,UAE Exchange Metro Station 1,2021-12-31,All lines have the same color in the data. The southern branch of the red line is programmed as an extra line and actually operates like that in reality as well. Colors have been manually adjusted to fit the real life colors.,
Washington,washington,yes,89,6,43.2,"LARGO TOWN CENTER, BLUE/SILVER LINE CENTER PLATFORM","WIEHLE-RESTON EAST, SILVER LINE CENTER PLATFORM",2022-01-03,"Shady Grove and Rockville on the red line are present as stations but unconnected to the rest of the graph, this is because of construction to those stations in the chosen period. There's an extra edge on blue line that skips Arlington cemetery, this ruins P-space calculation so edge is deleted, meaning the frequency is lowered with about a vehicle an hour. This is because this station closes at 7PM (bruh) and all trains afterwards skip it",
Chicago,chicago,yes,137,8,39.4,95th,Linden,2022-03-26,"Jackson Red, Jackson Blue and Library are all merged into one. State/Lake, Lake and Washington are merged. Directed edges seem to match up with directed edges on the official map.",
New York,newyork,yes,421,28,37.9,Wakefield-241 St,W 8 St-NY Aquarium,2021-12-20,"Used stop distance 0 for automatic merge, turned merge recommender phase 1 into automatic (with 75% overlap and 0m), skipped phase 2. All subway and out-of-system transfers are merged. E 180 st and Gun hill road, Jamaica and Parsons (F), 7 Av and Jay (FG), 7 Av and Church (FG), Burnside and 167 (4) were deleted. Some weird one-directional stuff with the brown line, northeast. Has been kept in, seems fine.",
Madrid,madrid,yes,240,13,36.3,ARGANDA DEL REY,HOSPITAL DE MOSTOLES,2021-07-20,"Stations with ""long walking transfer distance"" according to the official map, have been merged into one station",
Cairo,cairo,no,61,3,35.0,Helwan,New El-Marg,2016-01-01,Is from 2014 so does not contain the line 3 extensions since then,
Atlanta,atlanta,yes,38,4,34.8,AIRPORT STATION,NORTH SPRINGS STATION,2022-04-22,Notably high waiting times but seems to match up with schedule (about every 20min),
Rotterdam,rotterdam,yes,70,5,32.2,"Hoek van Holland, Hoek van Holland Haven","Capelle ad IJssel, De Terp",2022-04-19,GTFS data manually split to remove all routes other than Rotterdam metro routes.,"absorbed conversion: line B Hoekse Lijn ex-NS to 2017, line E ex-Hofpleinlijn to Den Haag Centraal"
Vancouver,vancouver,yes,52,3,29.9,Lafarge Lake-Douglas Station @ Platform 2,YVR-Airport Station @ Canada Line,2022-01-03,Vancouver City Centre is merged into Granville.,
Berlin,berlin,yes,174,9,29.3,S+U Rathaus Spandau (Berlin),U Hönow (Berlin),2022-05-06,"Node 21101 (Rathaus Schoneberg) is closed for reconstruction and is thus not part of the scheduling. There are three triangles where the metro skips a station in one direction but not the other. These are: Seestrasse (U6), Yorckstrasse (U7) and Augsburgerstrasse (U3).",
Santiago,santiago,no,119,13,29.2,Los Libertadores,Plaza de Puente Alto,2020-09-19,"Has lines that have different routes where trains stop at alternating stations. The line 5 express routes seem to be missing in some directions, not exactly clear. The other two express lines (2 and 4) work fine, 5 seems to miss an express route in one direction.",
Milan,milan,yes,106,4,27.8,GESSATE,ASSAGO MILANOFIORI FORUM,2021-09-07,-,
Toronto,toronto,yes,75,4,27.6,Kipling Station - Subway Platform,McCowan Station - Platform,2022-03-28,-,
Athens,athens,yes,61,3,26.5,ΣΤ.ΑΕΡΟΔΡΟΜΙΟΥ,ΣΤ.ΠΕΙΡΑΙΑ,2017-06-30,"Map is mixed with tram and commuter rail, both of which are not included in analysis. Line 3 extension towards Piraeus is missing, first part was completed in 2020, full connection not finished as of 2022.",fails paper criteria: 4 Line 3 stations east of Doukissis Plakentias on OSE-owned track shared with Proastiakos
Boston,boston,yes,52,3,26.3,Braintree,Oak Grove,2022-04-15,"The green line and mattapan line are included in the system as a subway line but are technically a light rail line, as such are not included in the official analysis. Park st and Dt crossing are left unmerged as the green line is not present.",
Cleveland,cleveland,yes,18,1,24.9,AIRPORT STATION,STOKES-WINDERMERE STATION,2022-03-21,Only red line is included as green and blue line are light-rail.,
Hyderabad,hyderabad,no,56,3,24.7,L. B. Nagar,Miyapur,2022-01-02,-,
Oslo,oslo,yes,101,5,24.7,Kolsås,Vestli,2017-06-16,"Gulerasen is skipped in southbound direction (as indicated by official map). There are some P-space edges with extremely low frequency that do not appear on the map. These seem to be from end-of-day trains that take alternative routes. This messes up P-space calculation slightly, meaning the shortest paths average is about 3min too long.",
Rome,rome,yes,73,4,24.7,Battistini,Monte Compatri/Pantano,2022-04-19,GTFS did not contain colors so backup colors were used.,
Helsinki,helsinki,yes,25,4,23.0,Matinkylä,Vuosaari,2022-04-14,-,
Stockholm,stockholm,yes,101,7,22.4,Farsta strand,Akalla,2022-02-21,"For some unclear reason, the ghost station Kymlinge is included in the data, including the trips/routes. The way this data is programmed causes similar problems as for Oslo.",
Paris,paris,yes,303,16,22.3,Pointe du Lac,Asnières - Gennevilliers Les Courtilles,2022-04-15,"Has some lines that run in only one direction. Urban transfers (according to the map) are considered as the same station. Chatelet and Les Halles are left as separate stations as combining them does not add a transfer option. Saint Augustin is merged into Saint Lazare as that adds line 9 as a transfer option to Saint Lazare. Havre Caumartin and Opera are left split as combining those does not lead to extra, logical travel behavior. La Chapelle is merged into Gare du Nord to connect line 2 to Nord. St. Michel and Cluny are left unmerged as the only reason for their liason is the RER line which is not part of the metro network. Similar reasoning for not merge Gare de L'est and Chateau Landon. Austerlitz is merged into Lyon as that is a sensible urban transfer. Unclear why and edge between Porte d'Auteuil and Michel Ange Molitor exists (probably a late night only connection, according to Wikipedia). Anvers and Abesses are left unmerged as their connection includes a funiculaire which is not included.",
Prague,prague,yes,58,3,21.3,Zličín,Černý Most,2022-04-19,-,
Baltimore,baltimore,yes,14,1,20.2,OWINGS MILLS STATION (METRO),JOHNS HOPKINS STATION (METRO),2020-07-11,"There seems to be one train in both directions going from John Hopkins to Reistertown and then to Owings Mills directly, without stopping in-between. As there is only vehicle per day, these edges are deleted.",
Warsaw,warsaw,yes,33,2,19.9,Kabaty,Młociny,2022-04-19,"Because of data age, still missing Bernowo and Ulrychow on western part of red line.",
Vienna,vienna,yes,98,10,19.5,Leopoldau,Siebenhirten,02-06-2020,"Data contains a double schedule, one until 17/03/2020 and one from 16/05/2020. The P-space algorithm is manually adjusted to ensure the former schedule is taken only (as that one has the correct route colors).",
Bilbao,bilbao,yes,42,1,18.9,Plentzia,Ariz,2022-05-20,"Even though the system officially has two lines, the GTFS data treats them as a single line. The way the two lines are separated is using headsign (meaning there are eight headsigns for one line). Exception is created in the code such that headsign is taken as differentiator. Data does not entirely correspond with actual case/Gmaps, as from Ariz and Basauri at the end of L2, transfers to L1 are not taken correctly. As this is only deemed as a minor mistake, this is left unfixed.","absorbed conversion: line 1 north of city is ex-Euskotren Plentzia line, 1887 alignment"
Lille,lille,yes,60,2,18.1,Chu-Eurasante,C.H. Dron,04-02-2022,-,
Los Angeles,losangeles,yes,16,2,18.1,North Hollywood Station,Union Station - Metro Red & Purple Lines,2022-04-19,-,
Montreal,montreal,yes,67,4,17.5,Station Honoré-Beaugrand,Station Angrignon,2022-03-21,Station Outremont is missing as that is under construction at the current moment. ,
Kochi,kochi,no,21,1,17.1,Aluva,Ernakulam South,2019-10-29,"Petta, Alliance JN and SN JN are missing from the data (were not constructed yet).",
Philadelphia,philadelphia,yes,50,2,16.8,69th St Transportation Center - MFL EB,Frankford Transportation Center - MFL,2021-06-07,"8th street stations are merged. City hall and 15th are merged. System has express lines which are thus automatically added as extra edges in L-space. The broad-spur section on the broad street line is a bit confusing considering Fairmount and Girard. Fairmount stations are already merged, even though the map does not indicate them as such. This seems to be correct according to the official station information. There is an extra L-Space edge between the terminals of the Market-Frankford line. As this edge has a frequency of 1, it is deemed a last night train and deleted.",
Kobe,kobe,no,26,2,16.7,西神中央,三宮・花時計前,2006-12-01,"Data is over 16 years old. While the stations and lines are completely correct, the frequencies are most likely lower than currently.","note: 2006 file includes Hokushin Line, then a separate private railway, transferred to municipal subway 2020; used on EA side not as reference"
Nuremburg,nuremberg,yes,49,3,16.1,Fürth Hardhöhe,Nürnberg Langwasser Süd,2022-03-22,Colors overwritten manually as they were all programmed with same color.,
Amsterdam,amsterdam,yes,39,5,14.5,"Amsterdam, Station Sloterdijk","Amsterdam, Gein",19-04-2022,GTFS data manually split to remove all routes other than Amsterdam metro routes.,
Brussels,brussels,yes,59,4,14.2,STOCKEL,ERASME,2022-04-19,"Elisabeth and Simonis are combined into one station, even though the map does not explicitly mention this. Line 5 strangely extends into a portion of line 3 at the end of the day.",
Naples,naples,yes,28,2,13.9,GIANTURCO,POZZUOLI,2022-04-01,"Rainbow line not included in the data. As that falls outside of the municipal zone of Naples and is a very short line, this is deemed acceptable. Piazza Cavour was merged into Museo. San Giovanni-Barra seems to be missing for some reason",fails paper criteria: 11 of 28 stations are Trenitalia Line 2 on RFI national infrastructure
Budapest,budapest,yes,48,4,11.9,Újpest-Központ,Kelenföld vasútállomás,2016-11-04,"Older GTFS data was taken as reconstruction has taken out line 3, thus making the network incomplete. There are three disconnected stations but they're not actually on the map so unsure exactly what those are, they were deleted.",
Copenhagen,copenhagen,yes,39,4,11.8,Vanløse St. (Metro),Lufthavnen St. (Metro),2022-04-19,-,
Buenos Aires,buenosaires,no,78,6,11.3,Juan Manuel de Rosas,Constitucion,2021-12-31,"On line A, Alberti is only passed on westbound trains and Pasco on eastbound trains.",
Lisbon,lisbon,yes,50,10,10.9,ORIENTE,REBOLEIRA,2022-03-01,"Roma and Areiro are left unmerged as their merge on the map is related to commuter rail. Line directions are programmed as separate lines, red line has an extra line too. Seems to not cause any problems in P-space.",
Lyon,lyon,yes,40,8,10.5,Gare de Vaise,Gare de Vénissieux,2022-04-13,-,
Toulouse,toulouse,yes,37,2,9.8,Basso Cambo,Balma-Gramont,2022-04-15,-,
Turin,turin,yes,23,1,8.6,METRO FERMI,METRO BENGASI,2021-07-06,-,
Marseille,marseille,yes,29,2,7.5,La Rose,Rond-Point du Prado,2022-04-19,-,
Rennes,rennes,yes,15,1,6.2,J.F. Kennedy,La Poterie,2022-04-25,-,
Malaga,malaga,yes,17,2,5.6,Andalucía Tech,El Perchel,2021-01-11,-,
Genoa,genoa,yes,8,1,4.8,BRIGNOLE/METRO,BRIN/METRO,2022-04-12,-,
