city,new_n,new_t_M,new_gamma,new_theta,new_R2,new_d30,new_tau5,new_tau50,new_tau95,old_n,old_t_M,old_gamma,old_theta,old_R2,old_d30,old_tau5,old_tau50,old_tau95
Beijing,401,239,13.08,0.338,0.9989,0.03,0.129,0.34,0.564,416.0,239.0,12.37,0.35,0.999,0.03,0.13,0.35,0.59
Busan,127,129,9.33,0.371,0.9997,0.183,0.107,0.377,0.684,126.0,129.0,9.33,0.37,1.0,0.18,0.11,0.38,0.68
Changchun,111,110,9.69,0.383,0.9976,0.218,0.12,0.387,0.684,110.0,110.0,9.69,0.38,0.998,0.22,0.12,0.39,0.68
Changsha,141,103,9.43,0.455,0.9998,0.159,0.168,0.457,0.757,140.0,103.0,9.43,0.46,1.0,0.16,0.17,0.46,0.76
Changzhou,43,71,5.94,0.483,0.9974,0.399,0.111,0.486,0.874,42.0,71.0,5.94,0.48,0.997,0.4,0.11,0.49,0.87
Chengdu,324,166,12.45,0.323,0.9991,0.106,0.111,0.326,0.56,323.0,166.0,12.45,0.32,0.999,0.11,0.11,0.33,0.56
Chongqing,270,194,9.96,0.303,0.998,0.115,0.076,0.312,0.602,269.0,194.0,9.96,0.3,0.998,0.11,0.08,0.31,0.6
Daegu,88,65,7.13,0.549,0.9969,0.337,0.179,0.544,0.881,90.0,77.0,8.57,0.47,0.998,0.32,0.16,0.47,0.79
Dalian,100,265,6.5,0.204,0.9962,0.144,0.034,0.268,0.675,99.0,265.0,6.5,0.2,0.996,0.14,0.03,0.27,0.68
Dongguan,15,57,8.65,0.521,0.9913,0.543,0.202,0.52,0.831,14.0,57.0,8.65,0.52,0.991,0.54,0.21,0.53,0.82
Foshan,56,93,6.67,0.439,0.999,0.288,0.105,0.447,0.828,63.0,114.0,7.36,0.39,0.999,0.25,0.09,0.39,0.76
Fukuoka,36,74,4.95,0.4,0.996,0.462,0.069,0.429,0.867,35.0,74.0,4.95,0.4,0.996,0.46,0.07,0.43,0.86
Fuzhou,93,143,10.69,0.371,0.9991,0.134,0.126,0.375,0.646,92.0,143.0,10.69,0.37,0.999,0.13,0.13,0.38,0.64
Guangzhou,292,183,9.83,0.324,0.9987,0.113,0.086,0.332,0.625,308.0,183.0,9.55,0.34,0.999,0.1,0.09,0.34,0.64
Guiyang,93,120,8.75,0.41,0.9997,0.172,0.123,0.415,0.737,92.0,120.0,8.75,0.41,1.0,0.17,0.12,0.42,0.73
Hangzhou,258,158,10.4,0.344,0.9991,0.125,0.103,0.349,0.628,257.0,158.0,10.4,0.34,0.999,0.12,0.1,0.35,0.63
Harbin,73,79,9.74,0.426,0.9993,0.368,0.151,0.428,0.722,72.0,79.0,9.74,0.43,0.999,0.37,0.15,0.43,0.72
Hefei,172,115,7.41,0.46,0.9919,0.138,0.13,0.464,0.819,171.0,115.0,7.41,0.46,0.992,0.14,0.13,0.46,0.82
Hohhot,43,74,6.47,0.474,0.9967,0.381,0.118,0.478,0.855,42.0,74.0,6.47,0.47,0.997,0.38,0.12,0.47,0.85
Hong Kong,97,141,10.34,0.303,0.9993,0.246,0.079,0.311,0.591,96.0,141.0,10.34,0.3,0.999,0.25,0.08,0.31,0.59
Incheon,68,69,8.12,0.44,0.9984,0.464,0.131,0.444,0.782,67.0,69.0,8.12,0.44,0.998,0.46,0.13,0.45,0.78
Jinan,46,128,5.95,0.341,0.9977,0.259,0.062,0.373,0.796,45.0,128.0,5.95,0.34,0.998,0.26,0.06,0.38,0.8
Jinhua,30,118,5.13,0.384,0.9944,0.276,0.067,0.416,0.853,29.0,118.0,5.13,0.38,0.994,0.28,0.07,0.42,0.86
Kaohsiung,38,81,6.49,0.411,0.9976,0.418,0.09,0.424,0.816,37.0,81.0,6.49,0.41,0.998,0.42,0.09,0.42,0.81
Kobe,26,84,6.35,0.457,0.988,0.382,0.107,0.463,0.849,25.0,84.0,6.35,0.46,0.988,0.38,0.11,0.46,0.85
Kunming,103,117,8.45,0.409,0.9995,0.19,0.118,0.415,0.746,102.0,117.0,8.45,0.41,1.0,0.19,0.12,0.42,0.74
Kyoto,31,60,6.22,0.46,0.9967,0.546,0.106,0.466,0.854,30.0,60.0,6.22,0.46,0.997,0.55,0.1,0.47,0.85
Lanzhou,27,66,6.48,0.432,0.9953,0.519,0.099,0.442,0.83,26.0,66.0,6.48,0.43,0.995,0.52,0.09,0.44,0.83
Luoyang,33,65,6.32,0.489,0.9953,0.436,0.122,0.491,0.867,32.0,65.0,6.32,0.49,0.995,0.44,0.12,0.49,0.86
Macau,15,39,7.19,0.493,0.9941,0.895,0.145,0.494,0.847,14.0,39.0,7.19,0.49,0.994,0.9,0.15,0.49,0.85
Nanchang,113,119,8.7,0.384,0.9997,0.214,0.107,0.391,0.716,112.0,119.0,8.7,0.38,1.0,0.21,0.11,0.39,0.71
Nanjing,225,217,9.64,0.282,0.9971,0.103,0.064,0.295,0.592,224.0,217.0,9.64,0.28,0.997,0.1,0.06,0.29,0.59
Nanning,93,92,10.67,0.432,0.999,0.232,0.173,0.434,0.705,92.0,92.0,10.67,0.43,0.999,0.23,0.17,0.43,0.71
Nantong,43,79,9.65,0.442,0.9965,0.373,0.163,0.444,0.74,42.0,79.0,9.65,0.44,0.997,0.37,0.16,0.44,0.73
Ningbo,137,103,10.18,0.386,0.9994,0.257,0.129,0.39,0.674,136.0,103.0,10.18,0.39,0.999,0.26,0.13,0.39,0.67
Qingdao,177,232,7.78,0.273,0.9977,0.124,0.051,0.3,0.657,176.0,232.0,7.78,0.27,0.998,0.12,0.05,0.3,0.66
Sapporo,46,53,7.37,0.531,0.9942,0.535,0.174,0.528,0.866,45.0,53.0,7.37,0.53,0.994,0.54,0.17,0.53,0.87
Sendai,29,50,5.8,0.515,0.9938,0.611,0.122,0.512,0.891,28.0,50.0,5.8,0.51,0.994,0.61,0.12,0.52,0.9
Seoul,285,97,10.57,0.426,0.9996,0.217,0.166,0.427,0.701,295.0,103.0,10.64,0.41,1.0,0.2,0.16,0.42,0.69
Shanghai,411,183,10.76,0.337,0.9977,0.071,0.103,0.341,0.611,410.0,183.0,10.76,0.34,0.998,0.07,0.1,0.34,0.61
Shaoxing,41,95,7.33,0.472,0.9964,0.259,0.135,0.474,0.829,40.0,95.0,7.33,0.47,0.996,0.26,0.14,0.47,0.83
Shenyang,134,128,10.26,0.371,0.9996,0.166,0.12,0.375,0.657,133.0,128.0,10.26,0.37,1.0,0.17,0.12,0.38,0.66
Shenzhen,325,147,8.97,0.345,0.998,0.172,0.088,0.354,0.672,324.0,147.0,8.97,0.34,0.998,0.17,0.09,0.35,0.67
Shijiazhuang,61,111,6.54,0.381,0.999,0.277,0.079,0.399,0.795,60.0,111.0,6.54,0.38,0.999,0.28,0.08,0.4,0.79
Suzhou,237,168,10.48,0.295,0.9915,0.136,0.076,0.304,0.58,236.0,168.0,10.48,0.3,0.991,0.14,0.08,0.3,0.58
Taichung,18,44,7.71,0.468,0.9918,0.817,0.141,0.471,0.816,17.0,44.0,7.71,0.47,0.992,0.82,0.14,0.48,0.82
Taipei,118,88,9.88,0.403,0.9997,0.342,0.137,0.406,0.697,117.0,88.0,9.88,0.4,1.0,0.34,0.14,0.41,0.69
Taiyuan,46,86,7.1,0.417,0.9978,0.366,0.101,0.426,0.798,45.0,86.0,7.1,0.42,0.998,0.37,0.1,0.43,0.8
Taizhou,15,60,6.3,0.467,0.9898,0.581,0.111,0.472,0.856,14.0,60.0,6.3,0.47,0.99,0.58,0.12,0.47,0.85
Taoyuan,22,85,6.99,0.453,0.9924,0.351,0.117,0.458,0.827,21.0,85.0,6.99,0.45,0.992,0.35,0.12,0.46,0.82
Tianjin,223,160,11.59,0.334,0.9989,0.11,0.11,0.338,0.589,222.0,160.0,11.59,0.33,0.999,0.11,0.11,0.34,0.59
Tokyo,251,155,12.67,0.394,0.9988,0.064,0.172,0.395,0.626,250.0,155.0,12.67,0.39,0.999,0.06,0.17,0.39,0.63
Wenzhou,36,107,5.94,0.442,0.9978,0.252,0.094,0.453,0.853,35.0,107.0,5.94,0.44,0.998,0.25,0.09,0.45,0.85
Wuhan,272,180,10.3,0.326,0.9984,0.102,0.091,0.332,0.614,271.0,180.0,10.3,0.33,0.998,0.1,0.09,0.33,0.61
Wuhu,35,112,6.22,0.45,0.9964,0.229,0.102,0.458,0.849,34.0,112.0,6.22,0.45,0.996,0.23,0.1,0.46,0.85
Wuxi,91,98,8.66,0.43,0.9997,0.233,0.135,0.434,0.757,90.0,98.0,8.66,0.43,1.0,0.23,0.13,0.44,0.76
Xiamen,72,112,8.08,0.369,0.9989,0.266,0.091,0.38,0.725,71.0,112.0,8.08,0.37,0.999,0.27,0.09,0.38,0.72
Xian,237,152,9.14,0.354,0.9985,0.138,0.095,0.361,0.674,237.0,270.0,15.94,0.2,0.999,0.14,0.05,0.2,0.39
Xuzhou,57,72,7.65,0.529,0.9973,0.289,0.181,0.527,0.859,56.0,72.0,7.65,0.53,0.997,0.29,0.18,0.53,0.86
Yokohama,40,87,5.01,0.257,0.9986,0.526,0.042,0.335,0.801,39.0,87.0,5.01,0.26,0.999,0.53,0.05,0.33,0.8
Zhengzhou,238,216,7.0,0.261,0.9802,0.084,0.046,0.299,0.687,237.0,216.0,7.0,0.26,0.98,0.08,0.05,0.3,0.69
Ürümqi,22,88,9.88,0.367,0.9921,0.463,0.112,0.372,0.664,21.0,88.0,9.88,0.37,0.992,0.46,0.11,0.38,0.66
